{"cameraMode":{"drawMode":0,"name":"Shaded","section":"Shading Mode"},"sceneLighting":true,"audioPlay":false,"sceneViewState":{"m_AlwaysRefresh":true,"showFog":true,"showSkybox":false,"showFlares":true,"showImageEffects":true,"showParticleSystems":true,"showVisualEffectGraphs":true,"m_FxEnabled":true},"in2DMode":false,"pivot":{"x":-2.0430753231048586,"y":11.189339637756348,"z":-2.7141120433807375},"rotation":{"x":-0.08096618205308914,"y":-0.8792040348052979,"z":0.13652963936328889,"w":-0.450998991727829},"size":2.8967318534851076,"orthographic":false}