{"cameraMode":{"drawMode":0,"name":"Shaded","section":"Shading Mode"},"sceneLighting":true,"audioPlay":false,"sceneViewState":{"m_AlwaysRefresh":true,"showFog":true,"showSkybox":false,"showFlares":true,"showImageEffects":true,"showParticleSystems":true,"showVisualEffectGraphs":true,"m_FxEnabled":true},"in2DMode":false,"pivot":{"x":-0.8969171643257141,"y":3.24263072013855,"z":0.8771112561225891},"rotation":{"x":-0.026482995599508287,"y":-0.19576062262058259,"z":0.005290099885314703,"w":-0.9802992343902588},"size":5.04390811920166,"orthographic":false}